,participant_id,age,how_masculine,how_important
0,1,35 - 64,Somewhat,Somewhat
1,2,65 and up,Somewhat,Somewhat
2,3,35 - 64,Very,Not
3,4,65 and up,Very,Not
4,5,35 - 64,Very,Very
5,6,65 and up,Very,Somewhat
6,7,18 - 34,Somewhat,Not
7,8,65 and up,Somewhat,Somewhat
8,9,35 - 64,Very,Not
9,10,35 - 64,Somewhat,Somewhat
10,11,35 - 64,Very,Somewhat
11,12,35 - 64,Somewhat,Not
12,13,35 - 64,Very,Somewhat
13,14,18 - 34,Very,Very
14,15,18 - 34,Not,Not
15,16,65 and up,Somewhat,Somewhat
16,17,35 - 64,Somewhat,Not
17,18,35 - 64,Somewhat,Not
18,19,65 and up,Very,Somewhat
19,20,35 - 64,Somewhat,Somewhat
20,21,65 and up,Not,Somewhat
21,22,35 - 64,Somewhat,Somewhat
22,23,35 - 64,Somewhat,Not
23,24,35 - 64,Very,Somewhat
24,25,65 and up,Very,Not
25,26,65 and up,Somewhat,Not
26,27,65 and up,Not,Somewhat
27,28,65 and up,Not,Not
28,29,65 and up,Very,Somewhat
29,30,65 and up,Not,Somewhat
30,31,35 - 64,Somewhat,Somewhat
31,32,18 - 34,Somewhat,Somewhat
32,33,35 - 64,Not,Not
33,34,65 and up,Somewhat,Somewhat
34,35,35 - 64,Very,Somewhat
35,36,35 - 64,Somewhat,Somewhat
36,37,35 - 64,Somewhat,Not
37,38,65 and up,Very,Not
38,39,35 - 64,Not,Not
39,40,65 and up,Somewhat,Not
40,41,35 - 64,Not,Not
41,42,65 and up,Somewhat,Not
42,43,35 - 64,Very,Somewhat
43,44,65 and up,Very,Very
44,45,65 and up,Somewhat,Not
45,46,65 and up,Not,Not
46,47,18 - 34,Not,Not
47,48,65 and up,Very,Somewhat
48,49,35 - 64,Somewhat,Somewhat
49,50,18 - 34,Not,Somewhat
50,51,65 and up,Somewhat,Not
51,52,35 - 64,Very,Somewhat
52,53,65 and up,Somewhat,Not
53,54,35 - 64,Somewhat,Not
54,55,35 - 64,Somewhat,Not
55,56,35 - 64,Somewhat,Not
56,57,65 and up,Very,Not
57,58,65 and up,Very,Not
58,59,65 and up,Somewhat,Somewhat
59,60,35 - 64,Very,Very
60,61,65 and up,Very,Very
61,62,65 and up,Very,Not
62,63,18 - 34,Not,Somewhat
63,64,35 - 64,Not,Somewhat
64,65,65 and up,Very,Somewhat
65,66,35 - 64,Somewhat,Not
66,67,35 - 64,Very,Very
67,68,65 and up,Somewhat,Not
68,69,35 - 64,Very,Not
69,70,65 and up,Somewhat,Not
70,71,35 - 64,Somewhat,Somewhat
71,72,65 and up,Very,Somewhat
72,73,65 and up,Somewhat,Somewhat
73,74,35 - 64,Somewhat,Not
74,75,65 and up,Somewhat,Somewhat
75,76,65 and up,Somewhat,Not
76,77,35 - 64,Not,Not
77,78,35 - 64,Very,Somewhat
78,79,65 and up,Very,Not
79,80,35 - 64,Somewhat,Somewhat
80,81,35 - 64,Somewhat,Somewhat
81,82,65 and up,Very,Somewhat
82,83,35 - 64,Somewhat,Very
83,84,65 and up,Very,Not
84,85,35 - 64,Very,Very
85,86,35 - 64,Very,Very
86,87,65 and up,Very,Not
87,88,65 and up,Somewhat,Somewhat
88,89,65 and up,Very,Somewhat
89,90,35 - 64,Not,Somewhat
90,91,18 - 34,Somewhat,Not
91,92,65 and up,Somewhat,Somewhat
92,93,35 - 64,Somewhat,Not
93,94,35 - 64,Somewhat,Not
94,95,65 and up,Very,Somewhat
95,96,65 and up,Somewhat,Not
96,97,35 - 64,Not,Not
97,98,18 - 34,Somewhat,Somewhat
98,99,65 and up,Very,Not
99,100,65 and up,Somewhat,Not
100,101,35 - 64,Somewhat,Somewhat
101,102,65 and up,Somewhat,Not
102,103,65 and up,Very,Very
103,104,35 - 64,Somewhat,Not
104,105,65 and up,Very,Somewhat
105,106,18 - 34,Somewhat,Not
106,107,65 and up,Not,Not
107,108,65 and up,Very,Not
108,109,65 and up,Somewhat,Not
109,110,35 - 64,Somewhat,Very
110,111,65 and up,Very,Very
111,112,35 - 64,Somewhat,Not
112,113,35 - 64,Somewhat,Somewhat
113,114,35 - 64,Somewhat,Somewhat
114,115,18 - 34,Very,Not
115,116,65 and up,Very,Very
116,117,18 - 34,Very,Somewhat
117,118,18 - 34,Not,Not
118,119,35 - 64,Somewhat,Somewhat
119,120,18 - 34,Somewhat,Not
120,121,65 and up,Very,Somewhat
121,122,65 and up,Very,Not
122,123,35 - 64,Somewhat,Somewhat
123,124,65 and up,Somewhat,Not
124,125,35 - 64,Somewhat,Not
125,126,35 - 64,Very,Somewhat
126,127,35 - 64,Somewhat,Very
127,128,35 - 64,Not,Somewhat
128,129,65 and up,Very,Not
129,130,35 - 64,Very,Somewhat
130,131,35 - 64,Somewhat,Somewhat
131,132,65 and up,Somewhat,Not
132,133,35 - 64,Not,Not
133,134,65 and up,Somewhat,Not
134,135,65 and up,Somewhat,Somewhat
135,136,18 - 34,Very,Not
136,137,65 and up,Somewhat,Not
137,138,65 and up,Very,Somewhat
138,139,35 - 64,Very,Somewhat
139,140,18 - 34,Not,Not
140,141,18 - 34,Not,Not
141,142,35 - 64,Very,Somewhat
142,143,18 - 34,Somewhat,Very
143,144,65 and up,Very,Somewhat
144,145,18 - 34,Not,Not
145,146,35 - 64,No,Not
146,147,65 and up,Somewhat,Not
147,148,35 - 64,Somewhat,Somewhat
148,149,35 - 64,Somewhat,Somewhat
149,150,35 - 64,Very,Somewhat
150,151,35 - 64,Somewhat,Not
151,152,35 - 64,Somewhat,Somewhat
152,153,35 - 64,Somewhat,Not
153,154,35 - 64,Not,Not
154,155,35 - 64,Very,Somewhat
155,156,35 - 64,Not,Not
156,157,65 and up,Somewhat,Not
157,158,35 - 64,Somewhat,Not
158,159,35 - 64,Somewhat,Not
159,160,35 - 64,Somewhat,No
160,161,35 - 64,Not,Not
161,162,65 and up,Very,Not
162,163,35 - 64,Somewhat,Somewhat
163,164,18 - 34,Very,Somewhat
164,165,65 and up,Not,Not
165,166,18 - 34,Somewhat,Somewhat
166,167,35 - 64,Very,Not
167,168,35 - 64,Somewhat,Not
168,169,35 - 64,Somewhat,Very
169,170,65 and up,Very,Not
170,171,18 - 34,Somewhat,Somewhat
171,172,35 - 64,Somewhat,Somewhat
172,173,65 and up,Somewhat,Not
173,174,65 and up,Very,Not
174,175,65 and up,Somewhat,Not
175,176,65 and up,Very,Very
176,177,35 - 64,Somewhat,Somewhat
177,178,35 - 64,Not,Somewhat
178,179,18 - 34,Somewhat,Not
179,180,18 - 34,Somewhat,Not
180,181,65 and up,Somewhat,Not
181,182,35 - 64,Somewhat,Not
182,183,35 - 64,Very,Somewhat
183,184,35 - 64,Very,Not
184,185,35 - 64,Very,Somewhat
185,186,65 and up,Somewhat,Somewhat
186,187,35 - 64,Somewhat,Not
187,188,35 - 64,Very,Very
188,189,35 - 64,Not,Not
189,190,35 - 64,Not,Not
190,191,65 and up,Very,Very
191,192,65 and up,Very,Very
192,193,35 - 64,Somewhat,Somewhat
193,194,35 - 64,Not,Somewhat
194,195,65 and up,Very,Somewhat
195,196,65 and up,Somewhat,Somewhat
196,197,35 - 64,Somewhat,Somewhat
197,198,35 - 64,Very,Somewhat
198,199,35 - 64,Very,Very
199,200,18 - 34,Not,Somewhat
200,201,65 and up,Very,Very
201,202,65 and up,Somewhat,Somewhat
202,203,35 - 64,Somewhat,Not
203,204,65 and up,Somewhat,Not
204,205,35 - 64,Somewhat,Not
205,206,65 and up,Somewhat,Somewhat
206,207,35 - 64,Very,Somewhat
207,208,35 - 64,Very,Not
208,209,35 - 64,Somewhat,Not
209,210,65 and up,Very,Not
210,211,18 - 34,Somewhat,Not
211,212,65 and up,Somewhat,Not
212,213,18 - 34,Very,Very
213,214,65 and up,Somewhat,Somewhat
214,215,35 - 64,Not,Not
215,216,65 and up,Somewhat,Not
216,217,65 and up,Very,Somewhat
217,218,35 - 64,Somewhat,Not
218,219,65 and up,Very,Somewhat
219,220,35 - 64,Not,Not
220,221,35 - 64,Very,Very
221,222,65 and up,Very,Somewhat
222,223,35 - 64,Somewhat,Somewhat
223,224,65 and up,Somewhat,Somewhat
224,225,65 and up,Somewhat,Somewhat
225,226,18 - 34,Very,Somewhat
226,227,35 - 64,Somewhat,Not
227,228,35 - 64,Somewhat,Somewhat
228,229,35 - 64,Somewhat,Somewhat
229,230,65 and up,Very,Somewhat
230,231,18 - 34,Very,Very
231,232,35 - 64,Somewhat,Not
232,233,65 and up,Very,Somewhat
233,234,35 - 64,Very,Somewhat
234,235,35 - 64,Somewhat,Somewhat
235,236,65 and up,Very,Somewhat
236,237,35 - 64,Somewhat,Not
237,238,35 - 64,Somewhat,Not
238,239,35 - 64,Very,Very
239,240,35 - 64,Somewhat,Somewhat
240,241,35 - 64,Very,Not
241,242,18 - 34,Very,Somewhat
242,243,35 - 64,Somewhat,Not
243,244,18 - 34,Somewhat,Somewhat
244,245,18 - 34,Somewhat,Somewhat
245,246,65 and up,Somewhat,Not
246,247,65 and up,Very,Not
247,248,35 - 64,Somewhat,Very
248,249,65 and up,Very,Very
249,250,65 and up,Very,Very
250,251,65 and up,Somewhat,Very
251,252,18 - 34,Somewhat,Somewhat
252,253,18 - 34,Very,Somewhat
253,254,35 - 64,Somewhat,Somewhat
254,255,35 - 64,Very,Not
255,256,65 and up,Very,Not
256,257,65 and up,Not,Not
257,258,35 - 64,Not,Not
258,259,35 - 64,Somewhat,Not
259,260,35 - 64,Somewhat,Not
260,261,65 and up,Somewhat,Not
261,262,65 and up,Very,Very
262,263,65 and up,Somewhat,Not
263,264,35 - 64,Very,Somewhat
264,265,35 - 64,Very,Very
265,266,35 - 64,Not,Not
266,267,65 and up,Not,Not
267,268,65 and up,Somewhat,Very
268,269,65 and up,Somewhat,Somewhat
269,270,65 and up,Somewhat,Somewhat
270,271,65 and up,Somewhat,Very
271,272,65 and up,Somewhat,Not
272,273,35 - 64,Somewhat,Somewhat
273,274,35 - 64,Very,Somewhat
274,275,35 - 64,Not,Not
275,276,65 and up,Very,Not
276,277,35 - 64,Very,Not
277,278,65 and up,Somewhat,Not
278,279,65 and up,Somewhat,Somewhat
279,280,35 - 64,Somewhat,Somewhat
280,281,18 - 34,Very,Not
281,282,65 and up,Very,Not
282,283,35 - 64,Very,Not
283,284,35 - 64,Not,Somewhat
284,285,35 - 64,Somewhat,Somewhat
285,286,18 - 34,Somewhat,Very
286,287,65 and up,Very,Somewhat
287,288,35 - 64,Somewhat,Not
288,289,35 - 64,Somewhat,Very
289,290,65 and up,Somewhat,Not
290,291,65 and up,Somewhat,Somewhat
291,292,35 - 64,Not,Somewhat
292,293,35 - 64,Somewhat,Somewhat
293,294,35 - 64,Somewhat,Somewhat
294,295,18 - 34,Very,Somewhat
295,296,35 - 64,Very,Somewhat
296,297,65 and up,Somewhat,Not
297,298,35 - 64,Somewhat,Not
298,299,65 and up,Very,Very
299,300,18 - 34,Very,Not
300,301,18 - 34,Very,Very
301,302,35 - 64,Very,Not
302,303,35 - 64,Not,Not
303,304,65 and up,Very,Very
304,305,65 and up,Not,Not
305,306,65 and up,Very,Somewhat
306,307,65 and up,Very,Not
307,308,65 and up,Somewhat,Somewhat
308,309,35 - 64,Very,Not
309,310,35 - 64,Somewhat,Not
310,311,65 and up,Very,Not
311,312,35 - 64,Somewhat,Somewhat
312,313,35 - 64,Very,Very
313,314,65 and up,Somewhat,Somewhat
314,315,65 and up,Somewhat,Not
315,316,65 and up,Somewhat,Somewhat
316,317,35 - 64,Somewhat,Not
317,318,65 and up,Very,Not
318,319,18 - 34,Not,Not
319,320,35 - 64,Somewhat,Somewhat
320,321,35 - 64,Very,Somewhat
321,322,65 and up,Somewhat,Not
322,323,65 and up,Somewhat,Not
323,324,35 - 64,Somewhat,Not
324,325,35 - 64,Somewhat,Somewhat
325,326,35 - 64,Somewhat,Not
326,327,18 - 34,Somewhat,Not
327,328,65 and up,Somewhat,Somewhat
328,329,35 - 64,Very,Somewhat
329,330,65 and up,Somewhat,Not
330,331,65 and up,Very,Somewhat
331,332,35 - 64,Somewhat,Somewhat
332,333,35 - 64,Somewhat,Somewhat
333,334,35 - 64,Somewhat,Not
334,335,65 and up,Very,Very
335,336,35 - 64,Very,Not
336,337,65 and up,Not,Not
337,338,35 - 64,Somewhat,Not
338,339,65 and up,Somewhat,Somewhat
339,340,65 and up,Somewhat,Somewhat
340,341,35 - 64,Not,Somewhat
341,342,65 and up,Somewhat,Not
342,343,65 and up,Somewhat,Not
343,344,65 and up,Not,Not
344,345,65 and up,Somewhat,Somewhat
345,346,65 and up,Very,Somewhat
346,347,35 - 64,Very,Somewhat
347,348,65 and up,Very,Very
348,349,35 - 64,Very,Not
349,350,65 and up,Very,Very
350,351,65 and up,Very,Not
351,352,65 and up,Somewhat,Somewhat
352,353,65 and up,Very,Somewhat
353,354,65 and up,Not,Not
354,355,35 - 64,Somewhat,Somewhat
355,356,65 and up,Very,Somewhat
356,357,35 - 64,Somewhat,Somewhat
357,358,65 and up,Somewhat,Somewhat
358,359,35 - 64,Very,Somewhat
359,360,65 and up,Somewhat,Not
360,361,65 and up,Somewhat,Somewhat
361,362,35 - 64,Somewhat,Somewhat
362,363,35 - 64,Very,Very
363,364,35 - 64,Somewhat,Not
364,365,65 and up,Somewhat,Not
365,366,65 and up,Not,Not
366,367,18 - 34,Very,Very
367,368,35 - 64,Very,Very
368,369,18 - 34,Very,Very
369,370,65 and up,Somewhat,Somewhat
370,371,35 - 64,Somewhat,Not
371,372,65 and up,Somewhat,Somewhat
372,373,35 - 64,Somewhat,Very
373,374,35 - 64,Somewhat,Somewhat
374,375,65 and up,Somewhat,Not
375,376,65 and up,Very,Not
376,377,35 - 64,Somewhat,Not
377,378,18 - 34,Somewhat,Somewhat
378,379,65 and up,No,Somewhat
379,380,65 and up,Not,Somewhat
380,381,35 - 64,Somewhat,Not
381,382,35 - 64,Very,Somewhat
382,383,65 and up,Very,Not
383,384,65 and up,Somewhat,Somewhat
384,385,65 and up,Somewhat,Somewhat
385,386,35 - 64,Very,Very
386,387,65 and up,Very,Not
387,388,35 - 64,Somewhat,Not
388,389,18 - 34,Very,Not
389,390,35 - 64,Very,Not
390,391,35 - 64,Very,Not
391,392,35 - 64,Not,Not
392,393,65 and up,Very,Very
393,394,18 - 34,Somewhat,Somewhat
394,395,18 - 34,Not,Somewhat
395,396,35 - 64,Somewhat,Somewhat
396,397,35 - 64,Somewhat,Somewhat
397,398,65 and up,Somewhat,Somewhat
398,399,35 - 64,Somewhat,Very
399,400,35 - 64,Somewhat,Not
400,401,65 and up,Somewhat,Not
401,402,65 and up,Somewhat,Not
402,403,65 and up,Very,Somewhat
403,404,65 and up,Somewhat,Not
404,405,35 - 64,Somewhat,Somewhat
405,406,18 - 34,Very,Not
406,407,18 - 34,Somewhat,Not
407,408,65 and up,Very,Somewhat
408,409,35 - 64,Somewhat,Somewhat
409,410,65 and up,Somewhat,Not
410,411,65 and up,Very,Somewhat
411,412,65 and up,Somewhat,Somewhat
412,413,65 and up,Very,Not
413,414,35 - 64,Somewhat,Very
414,415,35 - 64,Somewhat,Not
415,416,35 - 64,Very,Not
416,417,65 and up,Very,Not
417,418,35 - 64,Somewhat,Not
418,419,65 and up,Very,Not
419,420,35 - 64,Very,Very
420,421,65 and up,Somewhat,Not
421,422,65 and up,Somewhat,Not
422,423,35 - 64,Somewhat,Somewhat
423,424,35 - 64,Somewhat,Somewhat
424,425,65 and up,Not,Not
425,426,65 and up,Somewhat,Somewhat
426,427,65 and up,Not,Not
427,428,65 and up,Somewhat,Very
428,429,35 - 64,Very,Not
429,430,35 - 64,Somewhat,Somewhat
430,431,35 - 64,Very,Not
431,432,65 and up,Somewhat,Not
432,433,65 and up,Very,Very
433,434,18 - 34,Somewhat,Somewhat
434,435,65 and up,Somewhat,Somewhat
435,436,65 and up,Somewhat,Somewhat
436,437,18 - 34,Very,Not
437,438,35 - 64,Somewhat,Somewhat
438,439,65 and up,Somewhat,Somewhat
439,440,65 and up,Somewhat,Not
440,441,35 - 64,Very,Somewhat
441,442,35 - 64,Very,Somewhat
442,443,35 - 64,Very,Not
443,444,35 - 64,Somewhat,Somewhat
444,445,65 and up,Very,Not
445,446,35 - 64,Somewhat,Somewhat
446,447,65 and up,Very,Not
447,448,65 and up,Very,Somewhat
448,449,35 - 64,Somewhat,Somewhat
449,450,35 - 64,Somewhat,Somewhat
450,451,35 - 64,Somewhat,Somewhat
451,452,35 - 64,Somewhat,Not
452,453,65 and up,Somewhat,Not
453,454,65 and up,Somewhat,Somewhat
454,455,35 - 64,Not,Not
455,456,65 and up,Somewhat,Somewhat
456,457,35 - 64,Somewhat,Not
457,458,65 and up,Very,Very
458,459,18 - 34,Somewhat,Very
459,460,35 - 64,Somewhat,Not
460,461,35 - 64,Somewhat,Somewhat
461,462,65 and up,Somewhat,Not
462,463,35 - 64,Somewhat,Somewhat
463,464,35 - 64,Somewhat,Somewhat
464,465,35 - 64,Somewhat,Very
465,466,35 - 64,Somewhat,Very
466,467,35 - 64,Very,Not
467,468,65 and up,Very,Not
468,469,35 - 64,Somewhat,Not
469,470,35 - 64,Very,Not
470,471,35 - 64,Very,Very
471,472,65 and up,Very,Not
472,473,35 - 64,Not,Not
473,474,35 - 64,Somewhat,Somewhat
474,475,35 - 64,Somewhat,Somewhat
475,476,65 and up,Very,Not
476,477,65 and up,Very,Not
477,478,65 and up,Somewhat,Somewhat
478,479,65 and up,Somewhat,Somewhat
479,480,65 and up,Somewhat,Not
480,481,65 and up,Very,Not
481,482,35 - 64,Very,Somewhat
482,483,35 - 64,Very,Somewhat
483,484,65 and up,Somewhat,Not
484,485,65 and up,Somewhat,Not
485,486,65 and up,Very,Very
486,487,35 - 64,Very,Somewhat
487,488,65 and up,Very,Somewhat
488,489,65 and up,Very,Very
489,490,35 - 64,Somewhat,Very
490,491,35 - 64,Somewhat,Not
491,492,65 and up,Not,Not
492,493,65 and up,Somewhat,Not
493,494,35 - 64,Very,Somewhat
494,495,35 - 64,Very,Somewhat
495,496,65 and up,Very,Somewhat
496,497,65 and up,Very,Not
497,498,65 and up,Somewhat,Not
498,499,65 and up,Somewhat,Somewhat
499,500,35 - 64,Not,Very
500,501,35 - 64,Somewhat,Somewhat
501,502,65 and up,Very,Somewhat
502,503,35 - 64,Somewhat,Somewhat
503,504,65 and up,Somewhat,Not
504,505,65 and up,Very,Very
505,506,35 - 64,Somewhat,Not
506,507,35 - 64,Very,Very
507,508,65 and up,Not,Not
508,509,65 and up,Very,Somewhat
509,510,65 and up,Somewhat,Not
510,511,65 and up,Not,Not
511,512,35 - 64,Somewhat,Somewhat
512,513,65 and up,Not,Not
513,514,65 and up,Somewhat,Not
514,515,35 - 64,Very,Not
515,516,35 - 64,Somewhat,Somewhat
516,517,65 and up,Somewhat,Somewhat
517,518,65 and up,Very,Very
518,519,65 and up,Somewhat,Not
519,520,35 - 64,Very,Not
520,521,65 and up,Somewhat,Not
521,522,35 - 64,Very,Somewhat
522,523,65 and up,Somewhat,Somewhat
523,524,65 and up,Very,Somewhat
524,525,65 and up,Very,Very
525,526,65 and up,Somewhat,Not
526,527,65 and up,Very,Not
527,528,65 and up,Somewhat,Not
528,529,65 and up,Somewhat,Not
529,530,65 and up,Somewhat,Not
530,531,65 and up,No,Not
531,532,35 - 64,Very,Very
532,533,35 - 64,Very,Not
533,534,18 - 34,Very,Very
534,535,65 and up,Very,Not
535,536,65 and up,Very,Very
536,537,65 and up,Somewhat,Not
537,538,35 - 64,Somewhat,Not
538,539,65 and up,Somewhat,Somewhat
539,540,65 and up,Very,Somewhat
540,541,65 and up,Somewhat,Somewhat
541,542,35 - 64,Somewhat,Not
542,543,65 and up,Very,Somewhat
543,544,65 and up,Very,Somewhat
544,545,65 and up,Somewhat,Not
545,546,65 and up,Very,Not
546,547,65 and up,Not,Not
547,548,65 and up,Somewhat,Not
548,549,65 and up,Very,Not
549,550,65 and up,Somewhat,Not
550,551,65 and up,Very,Not
551,552,35 - 64,Somewhat,Somewhat
552,553,65 and up,Somewhat,Somewhat
553,554,65 and up,Somewhat,Not
554,555,65 and up,Somewhat,Not
555,556,65 and up,Not,Not
556,557,65 and up,Very,Somewhat
557,558,35 - 64,Very,Somewhat
558,559,65 and up,Somewhat,Somewhat
559,560,35 - 64,Somewhat,Somewhat
560,561,65 and up,Somewhat,Not
561,562,65 and up,Somewhat,Not
562,563,35 - 64,Very,Somewhat
563,564,35 - 64,Very,Somewhat
564,565,35 - 64,Somewhat,Not
565,566,35 - 64,Somewhat,Not
566,567,35 - 64,Somewhat,Somewhat
567,568,65 and up,Somewhat,Somewhat
568,569,35 - 64,Not,Not
569,570,65 and up,Very,Very
570,571,65 and up,Somewhat,Not
571,572,35 - 64,Very,Not
572,573,35 - 64,Very,Very
573,574,35 - 64,Somewhat,Not
574,575,35 - 64,Very,Not
575,576,65 and up,Very,Very
576,577,35 - 64,Very,Not
577,578,65 and up,Somewhat,Not
578,579,65 and up,Somewhat,Somewhat
579,580,65 and up,Very,Somewhat
580,581,65 and up,Somewhat,Not
581,582,65 and up,Very,Very
582,583,65 and up,Very,Somewhat
583,584,35 - 64,Not,Not
584,585,65 and up,Very,Somewhat
585,586,35 - 64,No,Not
586,587,35 - 64,Somewhat,Somewhat
587,588,35 - 64,Somewhat,Somewhat
588,589,65 and up,Somewhat,Not
589,590,65 and up,Somewhat,Not
590,591,18 - 34,Somewhat,Not
591,592,35 - 64,Not,Very
592,593,65 and up,Very,Somewhat
593,594,65 and up,Very,Not
594,595,65 and up,Somewhat,Not
595,596,65 and up,Somewhat,Not
596,597,65 and up,Very,Not
597,598,65 and up,Somewhat,Somewhat
598,599,35 - 64,Somewhat,Somewhat
599,600,65 and up,Very,Not
600,601,65 and up,Somewhat,Not
601,602,35 - 64,Somewhat,Not
602,603,65 and up,Very,Somewhat
603,604,35 - 64,Somewhat,Somewhat
604,605,65 and up,Somewhat,Somewhat
605,606,65 and up,Somewhat,Not
606,607,65 and up,Somewhat,Not
607,608,65 and up,Somewhat,Somewhat
608,609,65 and up,Somewhat,Somewhat
609,610,35 - 64,Very,Somewhat
610,611,65 and up,Very,Very
611,612,65 and up,Somewhat,Not
612,613,65 and up,Somewhat,Somewhat
613,614,35 - 64,Very,Very
614,615,18 - 34,Not,Not
615,616,35 - 64,Somewhat,No
616,617,65 and up,Somewhat,Somewhat
617,618,65 and up,Very,Somewhat
618,619,65 and up,Somewhat,Not
619,620,65 and up,Somewhat,Somewhat
620,621,65 and up,Somewhat,Not
621,622,65 and up,Somewhat,Somewhat
622,623,35 - 64,Somewhat,Somewhat
623,624,65 and up,Very,Not
624,625,65 and up,Very,Not
625,626,65 and up,Somewhat,Somewhat
626,627,35 - 64,Somewhat,Not
627,628,65 and up,Not,Not
628,629,65 and up,Very,Somewhat
629,630,65 and up,Somewhat,Not
630,631,65 and up,Somewhat,Somewhat
631,632,65 and up,Somewhat,Not
632,633,35 - 64,Very,Somewhat
633,634,35 - 64,Very,Very
634,635,65 and up,Somewhat,Somewhat
635,636,65 and up,Very,Somewhat
636,637,65 and up,Very,Not
637,638,35 - 64,Somewhat,Not
638,639,35 - 64,Somewhat,Not
639,640,65 and up,Somewhat,Not
640,641,65 and up,Very,Not
641,642,65 and up,Very,Very
642,643,65 and up,Somewhat,Not
643,644,35 - 64,Very,Somewhat
644,645,35 - 64,Somewhat,Somewhat
645,646,35 - 64,Very,Very
646,647,65 and up,Somewhat,Not
647,648,35 - 64,Very,Somewhat
648,649,65 and up,Somewhat,Very
649,650,65 and up,Very,Somewhat
650,651,35 - 64,Very,Not
651,652,35 - 64,Somewhat,Not
652,653,65 and up,Somewhat,Not
653,654,35 - 64,Very,Somewhat
654,655,65 and up,Very,Somewhat
655,656,65 and up,Not,Not
656,657,65 and up,Somewhat,Somewhat
657,658,35 - 64,Not,Somewhat
658,659,35 - 64,Somewhat,Very
659,660,65 and up,Not,Not
660,661,65 and up,Very,Very
661,662,35 - 64,Somewhat,Not
662,663,35 - 64,Very,Somewhat
663,664,35 - 64,Somewhat,Somewhat
664,665,35 - 64,Somewhat,Not
665,666,65 and up,Very,Very
666,667,35 - 64,Very,Somewhat
667,668,35 - 64,Very,Not
668,669,65 and up,Very,Not
669,670,35 - 64,Very,Somewhat
670,671,35 - 64,Somewhat,Somewhat
671,672,65 and up,Not,Not
672,673,35 - 64,Very,Not
673,674,65 and up,Somewhat,Not
674,675,35 - 64,Very,Somewhat
675,676,65 and up,Very,Very
676,677,35 - 64,Somewhat,Not
677,678,35 - 64,Somewhat,Somewhat
678,679,35 - 64,Somewhat,Not
679,680,35 - 64,Somewhat,Somewhat
680,681,65 and up,Somewhat,Not
681,682,35 - 64,Very,Somewhat
682,683,35 - 64,Not,Not
683,684,35 - 64,Somewhat,Not
684,685,65 and up,Not,Not
685,686,65 and up,Somewhat,Not
686,687,35 - 64,Somewhat,Not
687,688,35 - 64,Very,Very
688,689,35 - 64,Somewhat,Very
689,690,35 - 64,Somewhat,Not
690,691,65 and up,Somewhat,Not
691,692,35 - 64,Very,Not
692,693,65 and up,Very,Not
693,694,65 and up,Somewhat,Somewhat
694,695,65 and up,Not,Not
695,696,65 and up,Somewhat,Not
696,697,65 and up,Very,Not
697,698,35 - 64,Very,Not
698,699,35 - 64,Somewhat,Somewhat
699,700,65 and up,Somewhat,Somewhat
700,701,65 and up,Somewhat,Very
701,702,35 - 64,Very,Not
702,703,35 - 64,Somewhat,Not
703,704,65 and up,Somewhat,Somewhat
704,705,35 - 64,Somewhat,Not
705,706,35 - 64,Not,Not
706,707,35 - 64,Somewhat,Somewhat
707,708,35 - 64,Somewhat,Not
708,709,18 - 34,Very,Not
709,710,65 and up,Somewhat,Not
710,711,65 and up,Somewhat,Somewhat
711,712,65 and up,Not,Not
712,713,65 and up,Somewhat,Not
713,714,35 - 64,Somewhat,Not
714,715,18 - 34,Very,Somewhat
715,716,35 - 64,Somewhat,Very
716,717,65 and up,Very,Somewhat
717,718,35 - 64,Somewhat,Not
718,719,35 - 64,Very,Somewhat
719,720,65 and up,Somewhat,Not
720,721,65 and up,Somewhat,Not
721,722,35 - 64,Somewhat,Somewhat
722,723,35 - 64,Somewhat,Very
723,724,35 - 64,Somewhat,Very
724,725,35 - 64,Very,Somewhat
725,726,65 and up,Very,Very
726,727,35 - 64,Somewhat,Somewhat
727,728,35 - 64,Somewhat,Somewhat
728,729,65 and up,Very,Not
729,730,65 and up,Somewhat,Not
730,731,35 - 64,Very,Very
731,732,35 - 64,Very,Somewhat
732,733,65 and up,Somewhat,Somewhat
733,734,65 and up,Somewhat,Somewhat
734,735,65 and up,Somewhat,Somewhat
735,736,35 - 64,Somewhat,Somewhat
736,737,35 - 64,Very,Not
737,738,65 and up,Somewhat,Somewhat
738,739,35 - 64,Very,Not
739,740,65 and up,Somewhat,Not
740,741,35 - 64,Somewhat,Very
741,742,65 and up,Very,Somewhat
742,743,35 - 64,Somewhat,Somewhat
743,744,35 - 64,No,No
744,745,65 and up,Somewhat,Very
745,746,35 - 64,Somewhat,Not
746,747,65 and up,Very,Not
747,748,65 and up,Somewhat,Not
748,749,65 and up,Somewhat,Not
749,750,65 and up,Very,Not
750,751,35 - 64,Somewhat,Not
751,752,35 - 64,Somewhat,Not
752,753,35 - 64,Very,Not
753,754,65 and up,Very,Very
754,755,65 and up,Somewhat,Somewhat
755,756,35 - 64,Very,Very
756,757,65 and up,Somewhat,Not
757,758,35 - 64,Very,Very
758,759,65 and up,Very,Not
759,760,35 - 64,Very,Not
760,761,65 and up,Somewhat,Somewhat
761,762,65 and up,Somewhat,Somewhat
762,763,35 - 64,Somewhat,Somewhat
763,764,35 - 64,Somewhat,Somewhat
764,765,65 and up,Somewhat,Not
765,766,65 and up,Somewhat,Not
766,767,65 and up,Very,Not
767,768,65 and up,Very,Somewhat
768,769,35 - 64,No,Not
769,770,65 and up,Very,Not
770,771,35 - 64,Very,Somewhat
771,772,65 and up,Not,Not
772,773,35 - 64,Not,Not
773,774,65 and up,Very,Somewhat
774,775,35 - 64,Very,Very
775,776,65 and up,Somewhat,Not
776,777,65 and up,Very,Not
777,778,35 - 64,Somewhat,Somewhat
778,779,35 - 64,Somewhat,Somewhat
779,780,35 - 64,Somewhat,Not
780,781,35 - 64,Very,Somewhat
781,782,35 - 64,Very,Not
782,783,65 and up,Very,Somewhat
783,784,65 and up,Very,Somewhat
784,785,35 - 64,Somewhat,Not
785,786,65 and up,Somewhat,Somewhat
786,787,35 - 64,Very,Somewhat
787,788,65 and up,Somewhat,Not
788,789,65 and up,Very,Not
789,790,65 and up,Somewhat,Somewhat
790,791,65 and up,Very,Somewhat
791,792,65 and up,Somewhat,Not
792,793,35 - 64,Somewhat,Very
793,794,65 and up,Somewhat,Somewhat
794,795,65 and up,Very,Very
795,796,35 - 64,Very,Not
796,797,35 - 64,Somewhat,Not
797,798,65 and up,Very,Somewhat
798,799,65 and up,Somewhat,Somewhat
799,800,65 and up,Not,Not
800,801,65 and up,Very,Not
801,802,65 and up,Somewhat,Somewhat
802,803,35 - 64,Not,Not
803,804,65 and up,Somewhat,Somewhat
804,805,35 - 64,Very,Somewhat
805,806,35 - 64,Very,Very
806,807,35 - 64,Very,Very
807,808,65 and up,Very,Somewhat
808,809,35 - 64,Very,Not
809,810,65 and up,Very,Not
810,811,65 and up,Very,Somewhat
811,812,35 - 64,Very,Very
812,813,35 - 64,Somewhat,Not
813,814,65 and up,Somewhat,Somewhat
814,815,35 - 64,Somewhat,Not
815,816,65 and up,Not,Not
816,817,65 and up,No,Not
817,818,65 and up,Somewhat,Somewhat
818,819,35 - 64,Very,Not
819,820,65 and up,Very,Not
820,821,65 and up,Very,Very
821,822,35 - 64,Very,Somewhat
822,823,65 and up,Somewhat,Somewhat
823,824,35 - 64,Very,Not
824,825,35 - 64,Very,Somewhat
825,826,65 and up,Somewhat,Somewhat
826,827,35 - 64,Somewhat,Somewhat
827,828,65 and up,Somewhat,Somewhat
828,829,65 and up,Not,Not
829,830,65 and up,Somewhat,Somewhat
830,831,65 and up,Very,Not
831,832,35 - 64,Very,Somewhat
832,833,65 and up,Very,Somewhat
833,834,35 - 64,Somewhat,Not
834,835,65 and up,Somewhat,Not
835,836,65 and up,Very,Somewhat
836,837,65 and up,Very,Not
837,838,35 - 64,Very,Not
838,839,35 - 64,Very,Not
839,840,35 - 64,Somewhat,Somewhat
840,841,65 and up,Not,Not
841,842,65 and up,Not,Not
842,843,35 - 64,Somewhat,Somewhat
843,844,65 and up,Somewhat,Somewhat
844,845,35 - 64,Very,Not
845,846,65 and up,Very,Somewhat
846,847,65 and up,Very,Somewhat
847,848,35 - 64,Somewhat,Somewhat
848,849,65 and up,Somewhat,Somewhat
849,850,65 and up,Somewhat,Not
850,851,35 - 64,Somewhat,Not
851,852,65 and up,Very,Very
852,853,65 and up,Very,Not
853,854,35 - 64,Somewhat,Somewhat
854,855,35 - 64,Somewhat,Not
855,856,65 and up,Somewhat,Not
856,857,35 - 64,Very,Very
857,858,65 and up,Somewhat,Not
858,859,65 and up,Somewhat,Somewhat
859,860,65 and up,Somewhat,Not
860,861,35 - 64,Very,Not
861,862,65 and up,Somewhat,Not
862,863,35 - 64,Very,Not
863,864,65 and up,Very,Somewhat
864,865,65 and up,Somewhat,Not
865,866,65 and up,Very,Very
866,867,65 and up,Very,Somewhat
867,868,35 - 64,Very,Not
868,869,35 - 64,Somewhat,Somewhat
869,870,35 - 64,Not,Not
870,871,65 and up,Very,Very
871,872,65 and up,Somewhat,Not
872,873,35 - 64,Somewhat,Somewhat
873,874,35 - 64,Very,Somewhat
874,875,65 and up,Somewhat,Somewhat
875,876,65 and up,Somewhat,Somewhat
876,877,35 - 64,Somewhat,Somewhat
877,878,65 and up,Somewhat,Not
878,879,65 and up,Not,Not
879,880,35 - 64,Somewhat,Somewhat
880,881,35 - 64,Very,Not
881,882,35 - 64,Somewhat,Not
882,883,65 and up,Not,Somewhat
883,884,65 and up,Very,Not
884,885,65 and up,Somewhat,Somewhat
885,886,65 and up,Not,Not
886,887,35 - 64,Very,Somewhat
887,888,65 and up,Somewhat,Not
888,889,65 and up,Somewhat,Somewhat
889,890,35 - 64,Somewhat,Not
890,891,65 and up,Somewhat,Not
891,892,65 and up,Somewhat,Very
892,893,35 - 64,Somewhat,Somewhat
893,894,65 and up,Somewhat,Somewhat
894,895,65 and up,Somewhat,Somewhat
895,896,65 and up,Very,Not
896,897,35 - 64,Not,Somewhat
897,898,35 - 64,Somewhat,Somewhat
898,899,65 and up,Very,Very
899,900,35 - 64,Somewhat,Somewhat
900,901,65 and up,Somewhat,Not
901,902,65 and up,Very,Somewhat
902,903,65 and up,Very,Not
903,904,18 - 34,Somewhat,Somewhat
904,905,35 - 64,Not,Not
905,906,35 - 64,Very,Very
906,907,65 and up,Somewhat,Not
907,908,65 and up,Somewhat,Not
908,909,35 - 64,Very,Somewhat
909,910,65 and up,Somewhat,Somewhat
910,911,65 and up,Somewhat,Not
911,912,65 and up,Very,Somewhat
912,913,65 and up,Very,Very
913,914,35 - 64,Very,Somewhat
914,915,35 - 64,Somewhat,Somewhat
915,916,35 - 64,Somewhat,Somewhat
916,917,35 - 64,Very,Not
917,918,65 and up,Very,Not
918,919,35 - 64,Somewhat,Not
919,920,65 and up,Somewhat,Not
920,921,35 - 64,Somewhat,Somewhat
921,922,35 - 64,Somewhat,Very
922,923,35 - 64,Somewhat,Somewhat
923,924,35 - 64,Somewhat,Somewhat
924,925,35 - 64,Somewhat,Somewhat
925,926,65 and up,Somewhat,Not
926,927,35 - 64,Very,Not
927,928,35 - 64,Very,Somewhat
928,929,65 and up,Somewhat,Somewhat
929,930,35 - 64,Somewhat,Somewhat
930,931,65 and up,Somewhat,Somewhat
931,932,35 - 64,Somewhat,Not
932,933,65 and up,Very,Somewhat
933,934,35 - 64,Somewhat,Somewhat
934,935,35 - 64,Very,Very
935,936,35 - 64,No,No
936,937,65 and up,Somewhat,Not
937,938,35 - 64,Not,Not
938,939,35 - 64,Somewhat,Somewhat
939,940,35 - 64,Very,Somewhat
940,941,65 and up,No,Not
941,942,65 and up,Very,Very
942,943,65 and up,Somewhat,Somewhat
943,944,65 and up,Very,Somewhat
944,945,35 - 64,Somewhat,Very
945,946,18 - 34,Not,Not
946,947,35 - 64,Very,Not
947,948,65 and up,Somewhat,Not
948,949,65 and up,Somewhat,Not
949,950,18 - 34,Very,Not
950,951,35 - 64,Somewhat,Somewhat
951,952,35 - 64,Very,Not
952,953,65 and up,Somewhat,Somewhat
953,954,65 and up,Somewhat,Not
954,955,65 and up,Somewhat,Not
955,956,65 and up,Somewhat,Somewhat
956,957,65 and up,Not,Not
957,958,65 and up,Very,Very
958,959,65 and up,Somewhat,Somewhat
959,960,35 - 64,Very,Very
960,961,35 - 64,Very,Not
961,962,35 - 64,Very,Not
962,963,65 and up,Somewhat,Not
963,964,65 and up,Very,Somewhat
964,965,65 and up,Somewhat,Not
965,966,65 and up,Very,Not
966,967,35 - 64,Very,Not
967,968,65 and up,Very,Somewhat
968,969,35 - 64,Very,Not
969,970,65 and up,Somewhat,Not
970,971,65 and up,Very,Not
971,972,35 - 64,Very,Not
972,973,65 and up,Very,Somewhat
973,974,35 - 64,Somewhat,Somewhat
974,975,35 - 64,Very,Not
975,976,65 and up,Somewhat,Somewhat
976,977,65 and up,Very,Not
977,978,35 - 64,Very,Not
978,979,35 - 64,Somewhat,Not
979,980,65 and up,Somewhat,Somewhat
980,981,65 and up,Somewhat,Not
981,982,65 and up,Very,Not
982,983,35 - 64,Very,Somewhat
983,984,65 and up,Very,Not
984,985,35 - 64,Not,Somewhat
985,986,35 - 64,Not,Somewhat
986,987,35 - 64,Somewhat,Not
987,988,35 - 64,Not,Somewhat
988,989,35 - 64,Somewhat,Not
989,990,35 - 64,Somewhat,Somewhat
990,991,65 and up,Not,Not
991,992,65 and up,Very,Not
992,993,65 and up,Somewhat,Somewhat
993,994,35 - 64,Somewhat,Not
994,995,65 and up,Somewhat,Not
995,996,65 and up,Very,Somewhat
996,997,35 - 64,Somewhat,Not
997,998,65 and up,Very,Not
998,999,65 and up,Somewhat,Not
999,1000,35 - 64,Somewhat,Not
1000,1001,35 - 64,Somewhat,Somewhat
1001,1002,35 - 64,Not,Not
1002,1003,65 and up,Not,Not
1003,1004,35 - 64,Somewhat,No
1004,1005,35 - 64,Not,Not
1005,1006,35 - 64,Very,Not
1006,1007,35 - 64,Somewhat,Not
1007,1008,65 and up,Somewhat,Somewhat
1008,1009,35 - 64,Somewhat,Somewhat
1009,1010,65 and up,Very,Somewhat
1010,1011,35 - 64,Somewhat,Not
1011,1012,35 - 64,Somewhat,Not
1012,1013,35 - 64,Somewhat,Somewhat
1013,1014,65 and up,Somewhat,Not
1014,1015,35 - 64,Very,Very
1015,1016,18 - 34,Very,Not
1016,1017,35 - 64,Somewhat,Not
1017,1018,65 and up,Very,Somewhat
1018,1019,65 and up,Somewhat,Somewhat
1019,1020,65 and up,Somewhat,Somewhat
1020,1021,65 and up,Somewhat,Very
1021,1022,35 - 64,Somewhat,Not
1022,1023,35 - 64,Somewhat,Not
1023,1024,65 and up,Very,Not
1024,1025,65 and up,Somewhat,Somewhat
1025,1026,35 - 64,Not,Not
1026,1027,35 - 64,Somewhat,Not
1027,1028,35 - 64,Somewhat,Not
1028,1029,35 - 64,Somewhat,Not
1029,1030,35 - 64,Very,Not
1030,1031,65 and up,Very,Very
1031,1032,65 and up,Somewhat,Not
1032,1033,65 and up,Somewhat,Not
1033,1034,65 and up,Somewhat,Somewhat
1034,1035,35 - 64,Somewhat,Not
1035,1036,35 - 64,Somewhat,Not
1036,1037,65 and up,Very,Somewhat
1037,1038,65 and up,Somewhat,Not
1038,1039,65 and up,Somewhat,Somewhat
1039,1040,35 - 64,Somewhat,Somewhat
1040,1041,65 and up,Very,Very
1041,1042,18 - 34,Not,Not
1042,1043,65 and up,Somewhat,Somewhat
1043,1044,35 - 64,Somewhat,Somewhat
1044,1045,18 - 34,Somewhat,Not
1045,1046,35 - 64,Somewhat,Not
1046,1047,35 - 64,Very,Not
1047,1048,65 and up,Somewhat,Not
1048,1049,35 - 64,Very,Not
1049,1050,65 and up,Somewhat,Very
1050,1051,65 and up,Very,Not
1051,1052,35 - 64,Somewhat,Not
1052,1053,18 - 34,Somewhat,Not
1053,1054,35 - 64,Somewhat,Somewhat
1054,1055,65 and up,Not,Not
1055,1056,18 - 34,Somewhat,Not
1056,1057,65 and up,Somewhat,Not
1057,1058,35 - 64,Very,Somewhat
1058,1059,35 - 64,Very,Not
1059,1060,65 and up,Very,Somewhat
1060,1061,35 - 64,Somewhat,Not
1061,1062,65 and up,Somewhat,Somewhat
1062,1063,65 and up,Very,Not
1063,1064,65 and up,Somewhat,Not
1064,1065,65 and up,Somewhat,Not
1065,1066,35 - 64,Somewhat,Not
1066,1067,35 - 64,Somewhat,Not
1067,1068,35 - 64,Somewhat,Not
1068,1069,35 - 64,Somewhat,Somewhat
1069,1070,65 and up,Very,Not
1070,1071,35 - 64,Somewhat,Somewhat
1071,1072,65 and up,Somewhat,Somewhat
1072,1073,65 and up,Very,Not
1073,1074,35 - 64,Very,Somewhat
1074,1075,35 - 64,Not,Not
1075,1076,65 and up,Very,Not
1076,1077,65 and up,Somewhat,Not
1077,1078,65 and up,Somewhat,Not
1078,1079,35 - 64,Somewhat,Somewhat
1079,1080,35 - 64,Somewhat,Somewhat
1080,1081,35 - 64,Very,Somewhat
1081,1082,35 - 64,Very,Not
1082,1083,65 and up,Very,Not
1083,1084,35 - 64,Very,Not
1084,1085,35 - 64,Very,Somewhat
1085,1086,35 - 64,Somewhat,Not
1086,1087,35 - 64,Somewhat,Somewhat
1087,1088,65 and up,Not,Somewhat
1088,1089,65 and up,Somewhat,Not
1089,1090,65 and up,Somewhat,Not
1090,1091,65 and up,Very,Not
1091,1092,65 and up,Somewhat,Somewhat
1092,1093,65 and up,Somewhat,Somewhat
1093,1094,35 - 64,Very,Very
1094,1095,65 and up,Somewhat,Not
1095,1096,65 and up,Very,Not
1096,1097,35 - 64,Somewhat,Somewhat
1097,1098,65 and up,Very,Not
1098,1099,35 - 64,Somewhat,Not
1099,1100,35 - 64,Somewhat,Somewhat
1100,1101,35 - 64,No,Not
1101,1102,65 and up,Very,Somewhat
1102,1103,65 and up,Somewhat,Not
1103,1104,65 and up,Very,Very
1104,1105,35 - 64,Very,Somewhat
1105,1106,35 - 64,Very,Not
1106,1107,35 - 64,Not,Not
1107,1108,35 - 64,Not,Somewhat
1108,1109,35 - 64,Very,Not
1109,1110,65 and up,Somewhat,Somewhat
1110,1111,35 - 64,Somewhat,Not
1111,1112,65 and up,Somewhat,Very
1112,1113,35 - 64,Somewhat,Not
1113,1114,65 and up,Very,Very
1114,1115,65 and up,Very,Somewhat
1115,1116,65 and up,Not,Not
1116,1117,35 - 64,Very,Very
1117,1118,65 and up,Somewhat,Not
1118,1119,65 and up,Somewhat,Not
1119,1120,65 and up,Very,Very
1120,1121,18 - 34,Somewhat,Not
1121,1122,35 - 64,Somewhat,Somewhat
1122,1123,35 - 64,Very,Very
1123,1124,35 - 64,Very,Somewhat
1124,1125,35 - 64,Not,Not
1125,1126,65 and up,Very,Very
1126,1127,35 - 64,Very,Somewhat
1127,1128,35 - 64,Very,Not
1128,1129,65 and up,Somewhat,Somewhat
1129,1130,35 - 64,Very,Somewhat
1130,1131,35 - 64,Somewhat,Somewhat
1131,1132,35 - 64,Very,Somewhat
1132,1133,65 and up,Not,Somewhat
1133,1134,65 and up,Very,Not
1134,1135,35 - 64,Somewhat,Not
1135,1136,65 and up,Somewhat,Not
1136,1137,65 and up,Not,Not
1137,1138,35 - 64,Very,Not
1138,1139,65 and up,Very,Not
1139,1140,65 and up,Somewhat,Somewhat
1140,1141,65 and up,Somewhat,Somewhat
1141,1142,35 - 64,Very,Somewhat
1142,1143,65 and up,Very,Somewhat
1143,1144,35 - 64,Very,Somewhat
1144,1145,35 - 64,Somewhat,Somewhat
1145,1146,35 - 64,Somewhat,Not
1146,1147,35 - 64,Somewhat,Not
1147,1148,65 and up,Somewhat,Somewhat
1148,1149,65 and up,Somewhat,Not
1149,1150,65 and up,Somewhat,Not
1150,1151,65 and up,Very,Not
1151,1152,35 - 64,Very,Not
1152,1153,35 - 64,Very,Somewhat
1153,1154,35 - 64,Somewhat,Not
1154,1155,65 and up,Very,Somewhat
1155,1156,65 and up,Somewhat,Not
1156,1157,35 - 64,Not,Not
1157,1158,35 - 64,Somewhat,Not
1158,1159,35 - 64,Somewhat,Not
1159,1160,65 and up,No,Not
1160,1161,65 and up,Not,Not
1161,1162,35 - 64,Somewhat,Somewhat
1162,1163,35 - 64,Somewhat,Somewhat
1163,1164,35 - 64,Somewhat,Not
1164,1165,35 - 64,Somewhat,Somewhat
1165,1166,65 and up,Somewhat,Not
1166,1167,65 and up,Somewhat,Not
1167,1168,65 and up,Somewhat,Not
1168,1169,35 - 64,Not,Not
1169,1170,65 and up,Not,Not
1170,1171,65 and up,Not,Not
1171,1172,35 - 64,Very,Very
1172,1173,35 - 64,Very,Not
1173,1174,35 - 64,Very,Very
1174,1175,35 - 64,Very,Not
1175,1176,18 - 34,Somewhat,Somewhat
1176,1177,65 and up,Very,Not
1177,1178,35 - 64,Somewhat,Somewhat
1178,1179,65 and up,Somewhat,Somewhat
1179,1180,18 - 34,Somewhat,Somewhat
1180,1181,65 and up,Not,Very
1181,1182,65 and up,Very,Not
1182,1183,35 - 64,Somewhat,Somewhat
1183,1184,35 - 64,Very,Not
1184,1185,35 - 64,Somewhat,Not
1185,1186,35 - 64,Somewhat,Somewhat
1186,1187,65 and up,Very,Very
1187,1188,18 - 34,Somewhat,Very
1188,1189,35 - 64,Somewhat,Somewhat
1189,1190,65 and up,Somewhat,Not
1190,1191,65 and up,Very,Not
1191,1192,65 and up,Very,Not
1192,1193,65 and up,Somewhat,Somewhat
1193,1194,35 - 64,Very,Somewhat
1194,1195,65 and up,Somewhat,Somewhat
1195,1196,35 - 64,Somewhat,Somewhat
1196,1197,18 - 34,Somewhat,Somewhat
1197,1198,35 - 64,Somewhat,Not
1198,1199,35 - 64,Somewhat,Somewhat
1199,1200,35 - 64,Somewhat,Not
1200,1201,35 - 64,Very,Somewhat
1201,1202,35 - 64,Not,Not
1202,1203,35 - 64,Very,Not
1203,1204,35 - 64,Not,Not
1204,1205,35 - 64,Somewhat,Somewhat
1205,1206,35 - 64,Somewhat,Somewhat
1206,1207,35 - 64,Somewhat,Not
1207,1208,35 - 64,Somewhat,Somewhat
1208,1209,35 - 64,Very,Very
1209,1210,35 - 64,Very,Somewhat
1210,1211,35 - 64,Very,Not
1211,1212,35 - 64,Somewhat,Not
1212,1213,35 - 64,Somewhat,Not
1213,1214,35 - 64,Somewhat,Not
1214,1215,35 - 64,Very,Somewhat
1215,1216,35 - 64,Somewhat,Not
1216,1217,35 - 64,Very,Not
1217,1218,35 - 64,Very,Not
1218,1219,35 - 64,Not,Somewhat
1219,1220,35 - 64,Somewhat,Somewhat
1220,1221,35 - 64,Somewhat,Somewhat
1221,1222,35 - 64,Somewhat,Very
1222,1223,35 - 64,Very,Not
1223,1224,35 - 64,Very,Very
1224,1225,35 - 64,Very,Very
1225,1226,35 - 64,Somewhat,Very
1226,1227,35 - 64,Very,Very
1227,1228,35 - 64,Somewhat,Not
1228,1229,35 - 64,Very,Somewhat
1229,1230,35 - 64,Not,Not
1230,1231,35 - 64,Very,Not
1231,1232,35 - 64,Very,Not
1232,1233,35 - 64,Very,Not
1233,1234,35 - 64,Somewhat,Somewhat
1234,1235,35 - 64,Very,Somewhat
1235,1236,35 - 64,Very,Very
1236,1237,35 - 64,Somewhat,Not
1237,1238,35 - 64,Somewhat,Not
1238,1239,35 - 64,Not,Somewhat
1239,1240,35 - 64,Somewhat,Somewhat
1240,1241,35 - 64,Somewhat,Somewhat
1241,1242,35 - 64,Somewhat,Somewhat
1242,1243,35 - 64,Not,Somewhat
1243,1244,35 - 64,Very,Somewhat
1244,1245,35 - 64,Very,Not
1245,1246,35 - 64,Very,Somewhat
1246,1247,35 - 64,Very,Very
1247,1248,35 - 64,Somewhat,Somewhat
1248,1249,35 - 64,Somewhat,Somewhat
1249,1250,35 - 64,Not,Not
1250,1251,35 - 64,Somewhat,Somewhat
1251,1252,35 - 64,Somewhat,Not
1252,1253,35 - 64,Very,Not
1253,1254,35 - 64,Somewhat,Somewhat
1254,1255,35 - 64,Somewhat,Somewhat
1255,1256,35 - 64,Somewhat,Somewhat
1256,1257,35 - 64,Very,Not
1257,1258,35 - 64,Very,Somewhat
1258,1259,35 - 64,Somewhat,Somewhat
1259,1260,35 - 64,Very,Not
1260,1261,35 - 64,Very,Not
1261,1262,35 - 64,Very,Not
1262,1263,35 - 64,Somewhat,Very
1263,1264,35 - 64,Somewhat,Not
1264,1265,35 - 64,Somewhat,Not
1265,1266,35 - 64,Not,Somewhat
1266,1267,35 - 64,Very,Very
1267,1268,65 and up,Somewhat,Not
1268,1269,35 - 64,Somewhat,Not
1269,1270,35 - 64,Somewhat,Not
1270,1271,35 - 64,Very,Not
1271,1272,35 - 64,Somewhat,Not
1272,1273,35 - 64,Somewhat,Not
1273,1274,35 - 64,Not,Somewhat
1274,1275,35 - 64,Somewhat,Very
1275,1276,35 - 64,Very,Not
1276,1277,35 - 64,Very,Not
1277,1278,35 - 64,Very,Very
1278,1279,18 - 34,Somewhat,Somewhat
1279,1280,18 - 34,Somewhat,Somewhat
1280,1281,35 - 64,Somewhat,Somewhat
1281,1282,18 - 34,Somewhat,Somewhat
1282,1283,35 - 64,Somewhat,Somewhat
1283,1284,18 - 34,Very,Very
1284,1285,35 - 64,Very,Very
1285,1286,18 - 34,Very,Very
1286,1287,65 and up,Somewhat,Somewhat
1287,1288,35 - 64,Somewhat,Somewhat
1288,1289,35 - 64,No,No
1289,1290,35 - 64,Very,Somewhat
1290,1291,18 - 34,Somewhat,Somewhat
1291,1292,35 - 64,Very,Somewhat
1292,1293,35 - 64,Very,Somewhat
1293,1294,35 - 64,Somewhat,Somewhat
1294,1295,35 - 64,Very,Somewhat
1295,1296,18 - 34,Somewhat,Somewhat
1296,1297,35 - 64,Somewhat,Not
1297,1298,35 - 64,Not,Somewhat
1298,1299,35 - 64,Very,Very
1299,1300,35 - 64,Very,Not
1300,1301,35 - 64,Very,Very
1301,1302,35 - 64,Somewhat,Not
1302,1303,35 - 64,Very,Very
1303,1304,65 and up,Not,Very
1304,1305,35 - 64,Very,Somewhat
1305,1306,35 - 64,Very,Very
1306,1307,35 - 64,Somewhat,Somewhat
1307,1308,35 - 64,Somewhat,Not
1308,1309,35 - 64,Very,Somewhat
1309,1310,35 - 64,Somewhat,Somewhat
1310,1311,35 - 64,Very,Somewhat
1311,1312,35 - 64,Somewhat,Somewhat
1312,1313,35 - 64,Very,Very
1313,1314,35 - 64,Very,Somewhat
1314,1315,35 - 64,Very,Very
1315,1316,18 - 34,Not,Somewhat
1316,1317,18 - 34,Somewhat,Not
1317,1318,35 - 64,Very,Very
1318,1319,35 - 64,Somewhat,Not
1319,1320,35 - 64,Somewhat,Somewhat
1320,1321,35 - 64,Very,Not
1321,1322,35 - 64,Very,Not
1322,1323,35 - 64,Very,Not
1323,1324,65 and up,Very,Not
1324,1325,35 - 64,Somewhat,Not
1325,1326,35 - 64,Not,Not
1326,1327,35 - 64,Somewhat,Not
1327,1328,35 - 64,Somewhat,Somewhat
1328,1329,35 - 64,Very,Not
1329,1330,35 - 64,Very,Very
1330,1331,35 - 64,Somewhat,Not
1331,1332,18 - 34,Very,Not
1332,1333,35 - 64,Somewhat,Not
1333,1334,35 - 64,Somewhat,Very
1334,1335,35 - 64,Very,Somewhat
1335,1336,35 - 64,Very,Not
1336,1337,35 - 64,Very,Somewhat
1337,1338,35 - 64,Somewhat,Not
1338,1339,35 - 64,Very,Somewhat
1339,1340,35 - 64,Somewhat,Somewhat
1340,1341,18 - 34,Somewhat,Not
1341,1342,35 - 64,Very,Somewhat
1342,1343,35 - 64,Somewhat,Not
1343,1344,35 - 64,Somewhat,Somewhat
1344,1345,65 and up,Very,Somewhat
1345,1346,35 - 64,Somewhat,Not
1346,1347,35 - 64,No,No
1347,1348,35 - 64,No,No
1348,1349,35 - 64,Somewhat,Very
1349,1350,65 and up,Very,Somewhat
1350,1351,35 - 64,Very,Not
1351,1352,35 - 64,Somewhat,Somewhat
1352,1353,35 - 64,Somewhat,Not
1353,1354,18 - 34,Somewhat,Not
1354,1355,18 - 34,Very,Somewhat
1355,1356,35 - 64,Somewhat,Not
1356,1357,35 - 64,Somewhat,Somewhat
1357,1358,35 - 64,Somewhat,Not
1358,1359,35 - 64,Somewhat,Not
1359,1360,35 - 64,Somewhat,Somewhat
1360,1361,35 - 64,Very,Somewhat
1361,1362,35 - 64,Very,Not
1362,1363,35 - 64,Very,Somewhat
1363,1364,18 - 34,Not,Not
1364,1365,35 - 64,Very,Not
1365,1366,18 - 34,Somewhat,Somewhat
1366,1367,18 - 34,Somewhat,Somewhat
1367,1368,35 - 64,Very,Not
1368,1369,35 - 64,Somewhat,Not
1369,1370,18 - 34,Very,Not
1370,1371,18 - 34,Not,Not
1371,1372,35 - 64,Very,Not
1372,1373,35 - 64,Very,Somewhat
1373,1374,35 - 64,Very,Not
1374,1375,35 - 64,Not,Not
1375,1376,35 - 64,Somewhat,Not
1376,1377,35 - 64,Somewhat,Not
1377,1378,35 - 64,Very,Not
1378,1379,35 - 64,Very,Somewhat
1379,1380,65 and up,Somewhat,Not
1380,1381,18 - 34,Somewhat,Not
1381,1382,18 - 34,Somewhat,Not
1382,1383,35 - 64,Very,Not
1383,1384,35 - 64,Somewhat,Not
1384,1385,35 - 64,Not,Not
1385,1386,35 - 64,Very,Somewhat
1386,1387,35 - 64,Very,Somewhat
1387,1388,65 and up,Very,Very
1388,1389,35 - 64,Very,Very
1389,1390,35 - 64,Very,Not
1390,1391,35 - 64,Very,Not
1391,1392,35 - 64,Somewhat,Somewhat
1392,1393,35 - 64,Somewhat,Not
1393,1394,35 - 64,Somewhat,Somewhat
1394,1395,18 - 34,Very,Not
1395,1396,65 and up,Very,Not
1396,1397,35 - 64,Very,Very
1397,1398,35 - 64,Somewhat,Somewhat
1398,1399,35 - 64,Not,Not
1399,1400,35 - 64,Somewhat,Somewhat
1400,1401,35 - 64,Somewhat,Somewhat
1401,1402,35 - 64,Very,Very
1402,1403,35 - 64,Very,Somewhat
1403,1404,18 - 34,Somewhat,Not
1404,1405,35 - 64,Very,Somewhat
1405,1406,35 - 64,Very,Somewhat
1406,1407,35 - 64,Very,Not
1407,1408,35 - 64,Somewhat,Not
1408,1409,35 - 64,Very,Somewhat
1409,1410,65 and up,Not,Not
1410,1411,35 - 64,Somewhat,Not
1411,1412,35 - 64,Somewhat,Somewhat
1412,1413,35 - 64,Somewhat,Somewhat
1413,1414,65 and up,Very,Somewhat
1414,1415,65 and up,Somewhat,Somewhat
1415,1416,35 - 64,Very,Very
1416,1417,35 - 64,Somewhat,Somewhat
1417,1418,65 and up,Somewhat,Not
1418,1419,35 - 64,Somewhat,Not
1419,1420,35 - 64,Very,Not
1420,1421,35 - 64,Somewhat,Not
1421,1422,35 - 64,Somewhat,Somewhat
1422,1423,18 - 34,Somewhat,Not
1423,1424,35 - 64,Somewhat,Somewhat
1424,1425,65 and up,Somewhat,Not
1425,1426,18 - 34,Somewhat,Not
1426,1427,35 - 64,Somewhat,Not
1427,1428,35 - 64,Very,Not
1428,1429,35 - 64,Very,Very
1429,1430,35 - 64,Very,Somewhat
1430,1431,65 and up,Somewhat,Somewhat
1431,1432,35 - 64,Very,Very
1432,1433,18 - 34,Very,Very
1433,1434,35 - 64,Very,Very
1434,1435,35 - 64,Not,Not
1435,1436,35 - 64,Somewhat,Somewhat
1436,1437,35 - 64,Very,Very
1437,1438,35 - 64,Not,Not
1438,1439,35 - 64,Somewhat,Somewhat
1439,1440,65 and up,Somewhat,Not
1440,1441,35 - 64,Somewhat,Not
1441,1442,35 - 64,Somewhat,Not
1442,1443,35 - 64,Somewhat,Not
1443,1444,35 - 64,Somewhat,Somewhat
1444,1445,18 - 34,Very,Not
1445,1446,35 - 64,Somewhat,Not
1446,1447,18 - 34,Not,Not
1447,1448,35 - 64,Very,Not
1448,1449,65 and up,Somewhat,Very
1449,1450,35 - 64,Very,Somewhat
1450,1451,65 and up,Somewhat,Somewhat
1451,1452,35 - 64,Somewhat,Somewhat
1452,1453,35 - 64,Very,Not
1453,1454,35 - 64,Somewhat,Not
1454,1455,18 - 34,Very,Somewhat
1455,1456,35 - 64,Somewhat,Somewhat
1456,1457,18 - 34,Very,Very
1457,1458,35 - 64,Not,Somewhat
1458,1459,35 - 64,Not,Not
1459,1460,35 - 64,Somewhat,Not
1460,1461,35 - 64,Very,Not
1461,1462,18 - 34,Not,Somewhat
1462,1463,18 - 34,Very,Not
1463,1464,18 - 34,Somewhat,Not
1464,1465,35 - 64,Very,Not
1465,1466,35 - 64,Very,Somewhat
1466,1467,18 - 34,Somewhat,Not
1467,1468,35 - 64,Very,Very
1468,1469,35 - 64,Not,Not
1469,1470,35 - 64,Somewhat,Somewhat
1470,1471,35 - 64,Somewhat,Not
1471,1472,35 - 64,Very,Very
1472,1473,65 and up,Very,Not
1473,1474,65 and up,Very,Somewhat
1474,1475,35 - 64,Somewhat,Somewhat
1475,1476,35 - 64,Somewhat,Somewhat
1476,1477,35 - 64,Very,Very
1477,1478,18 - 34,Very,Somewhat
1478,1479,35 - 64,Somewhat,Somewhat
1479,1480,35 - 64,Somewhat,Somewhat
1480,1481,35 - 64,Somewhat,Not
1481,1482,65 and up,Not,Not
1482,1483,35 - 64,Somewhat,Not
1483,1484,35 - 64,Somewhat,Very
1484,1485,35 - 64,Not,Not
1485,1486,35 - 64,Very,Not
1486,1487,18 - 34,Somewhat,Not
1487,1488,18 - 34,Very,Very
1488,1489,35 - 64,Somewhat,Not
1489,1490,35 - 64,Somewhat,Somewhat
1490,1491,35 - 64,Somewhat,Somewhat
1491,1492,35 - 64,Somewhat,Somewhat
1492,1493,18 - 34,Not,Somewhat
1493,1494,35 - 64,Very,Not
1494,1495,35 - 64,Very,Not
1495,1496,35 - 64,Somewhat,Not
1496,1497,18 - 34,Not,Not
1497,1498,35 - 64,Somewhat,Somewhat
1498,1499,35 - 64,Very,Not
1499,1500,65 and up,Not,Not
1500,1501,35 - 64,Somewhat,Somewhat
1501,1502,35 - 64,Somewhat,Somewhat
1502,1503,35 - 64,Somewhat,Not
1503,1504,35 - 64,Very,Not
1504,1505,35 - 64,Somewhat,Not
1505,1506,35 - 64,Somewhat,Somewhat
1506,1507,35 - 64,Somewhat,Not
1507,1508,35 - 64,Not,Not
1508,1509,65 and up,Not,Not
1509,1510,65 and up,Very,Very
1510,1511,65 and up,Not,Not
1511,1512,65 and up,Somewhat,Very
1512,1513,35 - 64,Somewhat,Somewhat
1513,1514,35 - 64,Very,Very
1514,1515,18 - 34,Somewhat,Somewhat
1515,1516,35 - 64,Somewhat,Not
1516,1517,18 - 34,Very,Somewhat
1517,1518,35 - 64,Very,Somewhat
1518,1519,65 and up,Somewhat,Somewhat
1519,1520,35 - 64,Very,Very
1520,1521,35 - 64,Somewhat,Very
1521,1522,35 - 64,Very,Very
1522,1523,65 and up,Very,Not
1523,1524,35 - 64,Somewhat,Not
1524,1525,65 and up,Somewhat,Somewhat
1525,1526,65 and up,Not,Not
1526,1527,65 and up,Somewhat,Somewhat
1527,1528,35 - 64,Very,Not
1528,1529,18 - 34,Very,Very
1529,1530,35 - 64,Very,Not
1530,1531,35 - 64,Somewhat,Not
1531,1532,65 and up,Very,Not
1532,1533,65 and up,Very,Somewhat
1533,1534,35 - 64,Somewhat,Not
1534,1535,35 - 64,Not,No
1535,1536,35 - 64,Somewhat,Not
1536,1537,18 - 34,Somewhat,Not
1537,1538,35 - 64,Somewhat,Somewhat
1538,1539,65 and up,Very,Very
1539,1540,35 - 64,Somewhat,Not
1540,1541,35 - 64,Somewhat,Not
1541,1542,35 - 64,Somewhat,Not
1542,1543,18 - 34,Somewhat,Not
1543,1544,65 and up,Very,Not
1544,1545,35 - 64,Somewhat,Not
1545,1546,65 and up,Somewhat,Somewhat
1546,1547,65 and up,Somewhat,Not
1547,1548,35 - 64,Somewhat,Not
1548,1549,65 and up,Somewhat,Somewhat
1549,1550,35 - 64,Somewhat,Somewhat
1550,1551,35 - 64,Very,Somewhat
1551,1552,65 and up,Very,Somewhat
1552,1553,65 and up,Somewhat,Not
1553,1554,35 - 64,Very,Somewhat
1554,1555,35 - 64,Somewhat,Very
1555,1556,35 - 64,Somewhat,Not
1556,1557,18 - 34,Somewhat,Not
1557,1558,35 - 64,Very,Somewhat
1558,1559,35 - 64,Somewhat,Not
1559,1560,18 - 34,Somewhat,Somewhat
1560,1561,35 - 64,Somewhat,Not
1561,1562,35 - 64,Somewhat,Somewhat
1562,1563,35 - 64,Somewhat,Not
1563,1564,35 - 64,Somewhat,Not
1564,1565,18 - 34,Somewhat,Not
1565,1566,18 - 34,Not,Not
1566,1567,35 - 64,Somewhat,Somewhat
1567,1568,18 - 34,Somewhat,Not
1568,1569,18 - 34,Very,Somewhat
1569,1570,35 - 64,Somewhat,Somewhat
1570,1571,35 - 64,Somewhat,Not
1571,1572,18 - 34,Not,Somewhat
1572,1573,35 - 64,Very,Somewhat
1573,1574,35 - 64,Somewhat,Somewhat
1574,1575,35 - 64,Very,Not
1575,1576,35 - 64,Very,Very
1576,1577,35 - 64,Very,Somewhat
1577,1578,35 - 64,Somewhat,Not
1578,1579,35 - 64,Not,Very
1579,1580,35 - 64,Somewhat,Somewhat
1580,1581,35 - 64,Not,Not
1581,1582,35 - 64,Very,Somewhat
1582,1583,35 - 64,Very,Not
1583,1584,35 - 64,Very,Not
1584,1585,18 - 34,Not,Not
1585,1586,18 - 34,Not,Not
1586,1587,35 - 64,Very,Not
1587,1588,35 - 64,Somewhat,Somewhat
1588,1589,35 - 64,Somewhat,Somewhat
1589,1590,35 - 64,Very,Not
1590,1591,35 - 64,Not,Not
1591,1592,18 - 34,Very,Very
1592,1593,35 - 64,Somewhat,Somewhat
1593,1594,18 - 34,Very,Very
1594,1595,35 - 64,Somewhat,Not
1595,1596,18 - 34,Somewhat,Somewhat
1596,1597,18 - 34,Somewhat,Somewhat
1597,1598,18 - 34,Somewhat,Not
1598,1599,35 - 64,Very,Somewhat
1599,1600,35 - 64,Somewhat,Somewhat
1600,1601,35 - 64,Somewhat,Not
1601,1602,35 - 64,Very,Very
1602,1603,18 - 34,Somewhat,Somewhat
1603,1604,35 - 64,Very,Not
1604,1605,35 - 64,Somewhat,Somewhat
1605,1606,18 - 34,Very,Very
1606,1607,18 - 34,Very,Not
1607,1608,65 and up,Very,Somewhat
1608,1609,35 - 64,Not,Not
1609,1610,35 - 64,Very,Not
1610,1611,18 - 34,Not,Not
1611,1612,35 - 64,Very,Very
1612,1613,35 - 64,Somewhat,Somewhat
1613,1614,18 - 34,Somewhat,Somewhat
1614,1615,18 - 34,Very,Not
